<?xml version="1.0" encoding="UTF-8"?>
<beans xmlns="http://www.springframework.org/schema/beans"
	xmlns:xsi="http://www.w3.org/2001/XMLSchema-instance"
	xmlns:context="http://www.springframework.org/schema/context"
	xmlns:aop="http://www.springframework.org/schema/aop"
	xmlns:tx="http://www.springframework.org/schema/tx"
	xsi:schemaLocation="http://www.springframework.org/schema/beans http://www.springframework.org/schema/beans/spring-beans.xsd
		http://www.springframework.org/schema/context http://www.springframework.org/schema/context/spring-context-4.3.xsd
		http://www.springframework.org/schema/aop http://www.springframework.org/schema/aop/spring-aop-4.3.xsd
		http://www.springframework.org/schema/tx http://www.springframework.org/schema/tx/spring-tx-4.3.xsd">
		

	<context:component-scan base-package="polymorphism"></context:component-scan>
	<bean class="polymorphism.SonySpeaker"></bean>
	
	<bean id="collectionBean" class="ioc.injection.CollectionBean">
		<property name="addressList">
			<list>
				<value>서울시 강남구 역삼동</value>
				<value>서울시 성동구 행당동</value>
			</list>
		</property>
	</bean>
	

	<context:component-scan base-package="com.springbook.biz"/>
	
	<aop:aspectj-autoproxy></aop:aspectj-autoproxy>
	
	<!-- dataSource 설정 -->
	<bean id="dataSource" class="org.apache.commons.dbcp.BasicDataSource" destroy-method="close">
		<property name="driverClassName" value="org.h2.Driver"/>
		<property name="url" value="jdbc:h2:tcp://localhost/~/test"/>
		<property name="username" value="sa"/>
		<property name="password" value=""/>
	</bean>
	
	<!-- Transacction 설정 -->
	<bean id="txManager" class="org.springframework.jdbc.datasource.DataSourceTransactionManager">
		<property name="dataSource" ref="dataSource"></property>
	</bean>
	
	<!-- Transaction Advice 설정 -->
	<tx:advice id="txAdvice" transaction-manager="txManager">
		<tx:attributes>
			<tx:method name="get*" read-only="true"/>
			<tx:method name="*"/>
		</tx:attributes>
	</tx:advice>
	
</beans>
